<?xml version="1.0" encoding="UTF-8"?>
<project-private xmlns="http://www.netbeans.org/ns/project-private/1">
    <editor-bookmarks xmlns="http://www.netbeans.org/ns/editor-bookmarks/2" lastBookmarkId="0"/>
    <open-files xmlns="http://www.netbeans.org/ns/projectui-open-files/2">
        <group>
            <file>file:/C:/Users/Alvaro/Documents/GitHub/organico.cafeteria.final/cafeteria/Cafeteria/web/vistas/principal.jsp</file>
            <file>file:/C:/Users/Alvaro/Documents/GitHub/organico.cafeteria.final/cafeteria/Cafeteria/src/java/Controlador/Reportes/VentasDiaServlet.java</file>
            <file>file:/C:/Users/Alvaro/Documents/GitHub/organico.cafeteria.final/cafeteria/Cafeteria/web/vistas/ventas.jsp</file>
            <file>file:/C:/Users/Alvaro/Documents/GitHub/organico.cafeteria.final/cafeteria/Cafeteria/src/java/Config/Conexion.java</file>
            <file>file:/C:/Users/Alvaro/Documents/GitHub/organico.cafeteria.final/cafeteria/Cafeteria/web/WEB-INF/web.xml</file>
        </group>
    </open-files>
</project-private>
